{
  "commands": [
    "Run all tests",
    "Run all tests without valgrind",
    "Configure tests"
  ],
  "tests": [
    [
      {
        "id": 0,
        "name": "kNN 1",
        "status": "0",
        "log": "",
        "time_normal": 0.0,
        "time_valgrind": 0.0,
        "timeout": 30000,
        "test_score": 4
      },
      {
        "id": 1,
        "name": "kNN 2",
        "status": "0",
        "log": "",
        "time_normal": 0.0,
        "time_valgrind": 0.0,
        "timeout": 30000,
        "test_score": 4
      },
      {
        "id": 2,
        "name": "kNN 3",
        "status": "0",
        "log": "",
        "time_normal": 0.0,
        "time_valgrind": 0.0,
        "timeout": 30000,
        "test_score": 4
      },
      {
        "id": 3,
        "name": "kNN 4",
        "status": "0",
        "log": "",
        "time_normal": 0.0,
        "time_valgrind": 0.0,
        "timeout": 30000,
        "test_score": 4
      },
      {
        "id": 4,
        "name": "kNN 5",
        "status": "0",
        "log": "",
        "time_normal": 0.0,
        "time_valgrind": 0.0,
        "timeout": 30000,
        "test_score": 4
      },
      {
        "id": 5,
        "name": "kNN 6",
        "status": "0",
        "log": "",
        "time_normal": 0.0,
        "time_valgrind": 0.0,
        "timeout": 30000,
        "test_score": 4
      },
      {
        "id": 6,
        "name": "kNN 7",
        "status": "0",
        "log": "",
        "time_normal": 0.0,
        "time_valgrind": 0.0,
        "timeout": 30000,
        "test_score": 4
      },
      {
        "id": 7,
        "name": "kNN 8",
        "status": "0",
        "log": "",
        "time_normal": 0.0,
        "time_valgrind": 0.0,
        "timeout": 30000,
        "test_score": 4
      },
      {
        "id": 8,
        "name": "kNN 9",
        "status": "0",
        "log": "",
        "time_normal": 0.0,
        "time_valgrind": 0.0,
        "timeout": 30000,
        "test_score": 4
      },
      {
        "id": 9,
        "name": "kNN 10",
        "status": "0",
        "log": "",
        "time_normal": 0.0,
        "time_valgrind": 0.0,
        "timeout": 30,
        "test_score": 4
      }
    ],
    [
      {
        "id": 0,
        "name": "MK 1",
        "status": "0",
        "log": "",
        "time_normal": 0.0,
        "time_valgrind": 0.0,
        "timeout": 300,
        "test_score": 8
      }
    ]
  ],
  "test_path": "checker/",
  "exec_name": [
    "kNN",
    "mk"
  ],
  "valgrind_enabled": false
}